<eml:eml xmlns:eml="eml://ecoinformatics.org/eml-2.1.1"
         xmlns:dc="http://purl.org/dc/terms/"
         xmlns:xsi="http://www.w3.org/2001/XMLSchema-instance"
         xsi:schemaLocation="eml://ecoinformatics.org/eml-2.1.1 http://rs.gbif.org/schema/eml-gbif-profile/1.0.2/eml.xsd"
         packageId="null/v0" system="http://gbif.org" scope="system"
         xml:lang="en">

<dataset>
  <title xml:lang="en">World Checklist of Selected Plant Families</title>
<creator>
    <individualName>
      <surName></surName>
    </individualName>
    <onlineUrl>http://apps.kew.org/wcsp/</onlineUrl>
</creator>
<metadataProvider>
    <individualName>
      <surName></surName>
    </individualName>
</metadataProvider>
<pubDate>
      	2014-04-09
</pubDate>
<language>en</language>
<abstract>
  <para>The World Checklist Selected of Selected Plant Families has become an international collaborative programme with more than 150 contributors from 22 countries.             As more families are compiled and made available online, the more this number grows. There has also been a considerable amount of data sharing with researchers and other online data providers             who have incorporated large numbers of WCSP records. The database is live and updated daily. Newly published names however are automatically added from IPNI to the database but are only made             visible on the website after an editing phase of about one year. So remember that if you publish a name in November 2009, it will probably be entered into IPNI in the beginning of 2010 and             may take until 2011 before it becomes visible on the website. See &lt;a href=&quot;http://apps.kew.org/wcsp/about.do&quot;&gt;http://apps.kew.org/wcsp/about.do&lt;/a&gt;</para>
</abstract>
      <keywordSet>
            <keyword>WCSP</keyword>
            <keyword>World Checklist of Selected Plant families</keyword>
            <keyword>Royal Botanic Gardens, Kew</keyword>
        <keywordThesaurus> </keywordThesaurus>
      </keywordSet>
  <contact>
    <individualName>
      <surName></surName>
    </individualName>
  </contact>
</dataset>
  <additionalMetadata>
    <metadata>
      <gbif>
          <dateStamp>2014-04-09T07:23:21.727+01:00</dateStamp>
          <hierarchyLevel>dataset</hierarchyLevel>
            <citation>WCSP 2014. &apos;World Checklist of Selected Plant Families. Facilitated by the Royal Botanic Gardens, Kew. Published on the Internet; http://apps.kew.org/wcsp/ Retrieved 2011 onwards</citation>
          <resourceLogoUrl>http://apps.kew.org/wcsp/images/selectedFamilies_750.jpg</resourceLogoUrl>
      </gbif>
    </metadata>
  </additionalMetadata>
</eml:eml>
