<archive xmlns="http://rs.tdwg.org/dwc/text/" metadata="eml.xml">
  <core encoding="utf8" fieldsTerminatedBy="\t" linesTerminatedBy="\n" fieldsEnclosedBy="" ignoreHeaderLines="0" rowType="http://rs.tdwg.org/dwc/terms/Taxon">
    <files>
      <location>taxon.txt</location>
    </files>
    <id index="0" />
    <field index="0" term="http://rs.tdwg.org/dwc/terms/taxonID"/>
    <field index="1" term="http://rs.tdwg.org/dwc/terms/taxonRemarks"/>
    <field index="2" term="http://rs.tdwg.org/dwc/terms/originalNameUsage"/>
    <field index="3" term="http://rs.tdwg.org/dwc/terms/family"/>
    <field index="4" term="http://rs.tdwg.org/dwc/terms/verbatimTaxonRank"/>
    <field index="5" default="en" term="http://purl.org/dc/terms/language"/>
    <field index="6" default="Liliopsida" term="http://rs.tdwg.org/dwc/terms/class"/>
    <field index="7" term="http://rs.tdwg.org/dwc/terms/specificEpithet"/>
    <field index="8" term="http://rs.tdwg.org/dwc/terms/namePublishedIn"/>
    <field index="9" default="http://creativecommons.org/licenses/by-nc-sa/3.0" term="http://purl.org/dc/terms/license"/>
    <field index="10" default="WCSP 2014. &apos;World Checklist of Selected Plant Families. Facilitated by the Royal Botanic Gardens, Kew. Published on the Internet; http://apps.kew.org/wcsp/ Retrieved 2011 onwards" term="http://purl.org/dc/terms/bibliographicCitation"/>
    <field index="11" default="Plantae" term="http://rs.tdwg.org/dwc/terms/kingdom"/>
    <field index="12" default="ICBN" term="http://rs.tdwg.org/dwc/terms/nomenclaturalCode"/>
    <field index="13" term="http://rs.tdwg.org/dwc/terms/parentNameUsageID"/>
    <field index="14" term="http://rs.tdwg.org/dwc/terms/nomenclaturalStatus"/>
    <field index="15" term="http://rs.tdwg.org/dwc/terms/scientificName"/>
    <field index="16" term="http://rs.tdwg.org/dwc/terms/genus"/>
    <field index="17" term="http://rs.tdwg.org/dwc/terms/infraspecificEpithet"/>
    <field index="18" term="http://rs.tdwg.org/dwc/terms/acceptedNameUsage"/>
    <field index="19" term="http://rs.tdwg.org/dwc/terms/namePublishedInYear"/>
    <field index="20" term="http://rs.tdwg.org/dwc/terms/taxonomicStatus"/>
    <field index="21" term="http://purl.org/dc/terms/modified"/>
    <field index="22" term="http://rs.tdwg.org/dwc/terms/scientificNameAuthorship"/>
    <field index="23" term="http://rs.tdwg.org/dwc/terms/taxonRank"/>
    <field index="24" term="http://rs.tdwg.org/dwc/terms/parentNameUsage"/>
    <field index="25" default="The Trustees of the Royal Botanic Gardens, Kew" term="http://purl.org/dc/terms/rightsHolder"/>
    <field index="26" term="http://rs.tdwg.org/dwc/terms/originalNameUsageID"/>
    <field index="27" term="http://rs.tdwg.org/dwc/terms/acceptedNameUsageID"/>
    <field index="28" default="See &lt;a href=&quot;http://kew.org/about-kew/website-information/legal-notices/index.htm&quot;&gt;http://kew.org/about-kew/website-information/legal-notices/index.htm&lt;/a&gt;                     You may use data on these Terms and Conditions and on further condition that: The data is not used for commercial purposes; You may copy and retain data solely for scholarly, educational or                      research purposes; You may not publish our data, except for small extracts provided for illustrative purposes and duly acknowledged; You acknowledge the source of the data by the words &quot;With                      the permission of the Trustees of the Royal Botanic Gardens, Kew&quot; in a position which is reasonably prominent in view of your use of the data; Any other use of data or any other content from                      this website may only be made with our prior written agreement." term="http://purl.org/dc/terms/rights"/>
    <field index="29" default="Magnoliophyta" term="http://rs.tdwg.org/dwc/terms/phylum"/>
    <field index="30" term="http://purl.org/dc/terms/references"/>
  </core>
  <extension encoding="utf8" fieldsTerminatedBy="\t" linesTerminatedBy="\n" fieldsEnclosedBy="" ignoreHeaderLines="0" rowType="http://rs.gbif.org/terms/1.0/Distribution">
    <files>
      <location>distribution.txt</location>
    </files>
    <coreid index="0" />
    <field index="1" default="http://creativecommons.org/licenses/by-nc-sa/3.0" term="http://purl.org/dc/terms/license"/>
    <field index="2" term="http://purl.org/dc/terms/source"/>
    <field index="3" term="http://purl.org/dc/terms/identifier"/>
    <field index="4" term="http://rs.tdwg.org/dwc/terms/locality"/>
    <field index="5" default="The Trustees of the Royal Botanic Gardens, Kew" term="http://purl.org/dc/terms/rightsHolder"/>
    <field index="6" term="http://rs.tdwg.org/dwc/terms/occurrenceStatus"/>
    <field index="7" term="http://rs.tdwg.org/dwc/terms/locationID"/>
    <field index="8" term="http://rs.tdwg.org/dwc/terms/establishmentMeans"/>
    <field index="9" default="See &lt;a href=&quot;http://kew.org/about-kew/website-information/legal-notices/index.htm&quot;&gt;http://kew.org/about-kew/website-information/legal-notices/index.htm&lt;/a&gt;                     You may use data on these Terms and Conditions and on further condition that: The data is not used for commercial purposes; You may copy and retain data solely for scholarly, educational or                      research purposes; You may not publish our data, except for small extracts provided for illustrative purposes and duly acknowledged; You acknowledge the source of the data by the words &quot;With                      the permission of the Trustees of the Royal Botanic Gardens, Kew&quot; in a position which is reasonably prominent in view of your use of the data; Any other use of data or any other content from                      this website may only be made with our prior written agreement." term="http://purl.org/dc/terms/rights"/>
    <field index="10" term="http://rs.tdwg.org/dwc/terms/occurrenceRemarks"/>
    <field index="11" term="http://iucn.org/terms/threatStatus"/>
  </extension>
  <extension encoding="utf8" fieldsTerminatedBy="\t" linesTerminatedBy="\n" fieldsEnclosedBy="" ignoreHeaderLines="0" rowType="http://rs.tdwg.org/dwc/terms/MeasurementOrFact">
    <files>
      <location>measurementorfact.txt</location>
    </files>
    <coreid index="0" />
    <field index="1" default="http://creativecommons.org/licenses/by-nc-sa/3.0" term="http://purl.org/dc/terms/license"/>
    <field index="2" term="http://rs.tdwg.org/dwc/terms/measurementValue"/>
    <field index="3" term="http://rs.tdwg.org/dwc/terms/measurementID"/>
    <field index="4" default="The Trustees of the Royal Botanic Gardens, Kew" term="http://purl.org/dc/terms/rightsHolder"/>
    <field index="5" term="http://rs.tdwg.org/dwc/terms/measurementRemarks"/>
    <field index="6" default="See &lt;a href=&quot;http://kew.org/about-kew/website-information/legal-notices/index.htm&quot;&gt;http://kew.org/about-kew/website-information/legal-notices/index.htm&lt;/a&gt;                     You may use data on these Terms and Conditions and on further condition that: The data is not used for commercial purposes; You may copy and retain data solely for scholarly, educational or                      research purposes; You may not publish our data, except for small extracts provided for illustrative purposes and duly acknowledged; You acknowledge the source of the data by the words &quot;With                      the permission of the Trustees of the Royal Botanic Gardens, Kew&quot; in a position which is reasonably prominent in view of your use of the data; Any other use of data or any other content from                      this website may only be made with our prior written agreement." term="http://purl.org/dc/terms/rights"/>
    <field index="7" term="http://rs.tdwg.org/dwc/terms/measurementType"/>
  </extension>
  <extension encoding="utf8" fieldsTerminatedBy="\t" linesTerminatedBy="\n" fieldsEnclosedBy="" ignoreHeaderLines="0" rowType="http://rs.gbif.org/terms/1.0/Reference">
    <files>
      <location>reference.txt</location>
    </files>
    <coreid index="0" />
    <field index="1" term="http://rs.tdwg.org/dwc/terms/taxonRemarks"/>
    <field index="2" term="http://purl.org/dc/terms/creator"/>
    <field index="3" term="http://purl.org/dc/terms/date"/>
    <field index="4" default="http://creativecommons.org/licenses/by-nc-sa/3.0" term="http://purl.org/dc/terms/license"/>
    <field index="5" term="http://purl.org/dc/terms/type"/>
    <field index="6" term="http://purl.org/dc/terms/title"/>
    <field index="7" term="http://purl.org/dc/terms/source"/>
    <field index="8" term="http://purl.org/dc/terms/bibliographicCitation"/>
    <field index="9" term="http://purl.org/dc/terms/identifier"/>
    <field index="10" default="The Trustees of the Royal Botanic Gardens, Kew" term="http://purl.org/dc/terms/rightsHolder"/>
    <field index="11" default="See &lt;a href=&quot;http://kew.org/about-kew/website-information/legal-notices/index.htm&quot;&gt;http://kew.org/about-kew/website-information/legal-notices/index.htm&lt;/a&gt;                     You may use data on these Terms and Conditions and on further condition that: The data is not used for commercial purposes; You may copy and retain data solely for scholarly, educational or                      research purposes; You may not publish our data, except for small extracts provided for illustrative purposes and duly acknowledged; You acknowledge the source of the data by the words &quot;With                      the permission of the Trustees of the Royal Botanic Gardens, Kew&quot; in a position which is reasonably prominent in view of your use of the data; Any other use of data or any other content from                      this website may only be made with our prior written agreement." term="http://purl.org/dc/terms/rights"/>
  </extension>
</archive>
