<eml:eml xmlns:eml="eml://ecoinformatics.org/eml-2.1.1"
         xmlns:dc="http://purl.org/dc/terms/"
         xmlns:xsi="http://www.w3.org/2001/XMLSchema-instance"
         xsi:schemaLocation="eml://ecoinformatics.org/eml-2.1.1 http://rs.gbif.org/schema/eml-gbif-profile/1.0.2/eml.xsd"
         packageId="null/v0" system="http://gbif.org" scope="system"
         xml:lang="en">

<dataset>
  <title xml:lang="en">Leistner, O.A. 2000. Seed plants of southern Africa: Families and genera. Strelitzia 10.</title>
<creator>
    <individualName>
      <surName>POWOP content</surName>
    </individualName>
    <onlineUrl></onlineUrl>
</creator>
<metadataProvider>
    <individualName>
      <surName>POWOP content</surName>
    </individualName>
</metadataProvider>
<pubDate>2000
</pubDate>
<language>en</language>
<abstract>
  <para>Seed plants of southern Africa: Families and genera. Strelitzia 10.</para>
</abstract>
      <keywordSet>
            <keyword></keyword>
			<keyword>Seed Plants</keyword>
			<keyword>Dicotyledons</keyword>
			<keyword>Monocotyledons</keyword>
			<keyword>Angiosperms</keyword>
			<keyword>Gymnosperms</keyword>
                    <keywordThesaurus> </keywordThesaurus>
      </keywordSet>
  <contact>
    <individualName>
      <surName>POWOP content</surName>
    </individualName>
  </contact>
</dataset>
  <additionalMetadata>
    <metadata>
      <gbif>
          <dateStamp></dateStamp>
          <hierarchyLevel>dataset</hierarchyLevel>
            <citation>Leistner, O.A. 2000. Seed plants of southern Africa: Families and genera. Strelitzia 10.</citation>
      </gbif>
    </metadata>
  </additionalMetadata>
</eml:eml>
