<?xml version="1.0"?>
<archive xmlns="http://rs.tdwg.org/dwc/text/" metadata="eml.xml">
	<core encoding="UTF-8" linesTerminatedBy="\r\n" fieldsTerminatedBy="\t" fieldsEnclosedBy="" ignoreHeaderLines="0" rowType="http://rs.tdwg.org/dwc/terms/Taxon">
		<files>
			<location>taxon.tab</location>
		</files>
		<id index="0"/>
		<field index="0" term="http://rs.tdwg.org/dwc/terms/taxonID"/>
	</core>
	<extension encoding="UTF-8" linesTerminatedBy="\r\n" fieldsTerminatedBy="\t" fieldsEnclosedBy="" ignoreHeaderLines="0" rowType="http://rs.gbif.org/terms/1.0/Description">
		<files>
			<location>description.tab</location>
		</files>
		<coreid index="0"/>
		<field index="1" term="http://purl.org/dc/terms/type"/>
		<field index="2" term="http://purl.org/dc/terms/source"/>
		<field index="3" term="http://purl.org/dc/terms/contributor"/>
		<field index="4" term="http://purl.org/dc/terms/description"/>
		<field index="5" term="http://purl.org/dc/terms/identifier"/>
		<field index="6" default="http://creativecommons.org/licenses/by-nc-sa/3.0" term="http://purl.org/dc/terms/license"/>
	</extension>
	<extension encoding="UTF-8" linesTerminatedBy="\r\n" fieldsTerminatedBy="\t" fieldsEnclosedBy="" ignoreHeaderLines="0" rowType="http://rs.gbif.org/terms/1.0/Reference">
		<files>
			<location>references.tab</location>
		</files>
		<coreid index="0"/>
		<field index="1" term="http://purl.org/dc/terms/identifier"/>
		<field index="2" term="http://purl.org/dc/terms/bibliographicCitation"/>
		<field index="3" term="http://purl.org/dc/terms/creator"/>
		<field index="4" term="http://purl.org/dc/terms/date"/>
	</extension>
</archive>