<eml:eml xmlns:eml="eml://ecoinformatics.org/eml-2.1.1"
         xmlns:dc="http://purl.org/dc/terms/"
         xmlns:xsi="http://www.w3.org/2001/XMLSchema-instance"
         xsi:schemaLocation="eml://ecoinformatics.org/eml-2.1.1 http://rs.gbif.org/schema/eml-gbif-profile/1.0.2/eml.xsd"
         packageId="null/v0" system="http://gbif.org" scope="system"
         xml:lang="en">

<dataset>
  <title xml:lang="en">eFloras flora</title>
<creator>
    <individualName>
      <surName></surName>
    </individualName>
    <onlineUrl>http://apps.kew.org/efloras/</onlineUrl>
</creator>
<metadataProvider>
    <individualName>
      <surName></surName>
    </individualName>
</metadataProvider>
<pubDate>
      	2014-04-24
</pubDate>
<language>en</language>
<abstract>
  <para>This eFloras flora was digitised by the Royal Botanic Gardens, Kew.  See http://apps.kew.org/efloras/ for further details.</para>
</abstract>
      <keywordSet>
            <keyword>eFloras</keyword>
            <keyword>Royal Botanic Gardens, Kew</keyword>
        <keywordThesaurus> </keywordThesaurus>
      </keywordSet>
  <contact>
    <individualName>
      <surName></surName>
    </individualName>
  </contact>
</dataset>
  <additionalMetadata>
    <metadata>
      <gbif>
          <dateStamp>2014-04-24T06:34:50.815+01:00</dateStamp>
          <hierarchyLevel>dataset</hierarchyLevel>
            <citation>An eFloras flora.  Published on the Internet; http://apps.kew.org/efloras/</citation>
      </gbif>
    </metadata>
  </additionalMetadata>
</eml:eml>
