<archive xmlns="http://rs.tdwg.org/dwc/text/" metadata="eml.xml">
  <core encoding="utf8" fieldsTerminatedBy="\t" linesTerminatedBy="\n" fieldsEnclosedBy="" ignoreHeaderLines="0" rowType="http://rs.tdwg.org/dwc/terms/Taxon">
    <files>
      <location>taxon.txt</location>
    </files>
    <id index="0" />
    <field index="0" term="http://rs.tdwg.org/dwc/terms/taxonID"/>
    <field index="1" default="See &lt;a href=&quot;http://kew.org/about-kew/website-information/legal-notices/index.htm&quot;&gt;http://kew.org/about-kew/website-information/legal-notices/index.htm&lt;/a&gt; You may use data on these Terms and Conditions and on further condition that: The data is not used for commercial purposes; You may copy and retain data solely for scholarly, educational or research purposes; You may not publish our data, except for small extracts provided for illustrative purposes and duly acknowledged; You acknowledge the source of the data by the words &quot;With the permission of the Trustees of the Royal Botanic Gardens, Kew&quot; in a position which is reasonably prominent in view of your use of the data; Any other use of data or any other content from this website may only be made with our prior written agreement." term="http://purl.org/dc/terms/rights"/>
    <field index="2" term="http://rs.tdwg.org/dwc/terms/namePublishedIn"/>
    <field index="3" default="The Trustees of the Royal Botanic Gardens, Kew" term="http://purl.org/dc/terms/rightsHolder"/>
    <field index="4" default="en" term="http://purl.org/dc/terms/language"/>
    <field index="5" default="ICBN" term="http://rs.tdwg.org/dwc/terms/nomenclaturalCode"/>
    <field index="6" default="Flora Zambesiaca" term="http://rs.tdwg.org/dwc/terms/datasetName"/>
    <field index="7" term="http://rs.tdwg.org/dwc/terms/scientificName"/>
    <field index="8" term="http://rs.tdwg.org/dwc/terms/namePublishedInYear"/>
    <field index="9" default="[TODO]" term="http://purl.org/dc/terms/license"/>
    <field index="10" default="Taxon" term="http://purl.org/dc/terms/type"/>
    <field index="11" term="http://purl.org/dc/terms/references"/>
    <field index="12" term="http://purl.org/dc/terms/bibliographicCitation"/>
    <field index="13" term="http://rs.tdwg.org/dwc/terms/taxonRemarks"/>
    <field index="14" term="http://rs.tdwg.org/dwc/terms/verbatimTaxonRank"/>
  </core>
  <extension encoding="utf8" fieldsTerminatedBy="\t" linesTerminatedBy="\n" fieldsEnclosedBy="" ignoreHeaderLines="0" rowType="http://rs.gbif.org/terms/1.0/Description">
    <files>
      <location>description.txt</location>
    </files>
    <coreid index="0" />
    <field index="1" default="http://creativecommons.org/licenses/by-nc-sa/3.0" term="http://purl.org/dc/terms/license"/>
    <field index="2" term="http://purl.org/dc/terms/type"/>
    <field index="3" default="en" term="http://purl.org/dc/terms/language"/>
    <field index="4" term="http://purl.org/dc/terms/source"/>
    <field index="5" term="http://purl.org/dc/terms/description"/>
  </extension>
  <extension encoding="utf8" fieldsTerminatedBy="\t" linesTerminatedBy="\n" fieldsEnclosedBy="" ignoreHeaderLines="0" rowType="http://rs.gbif.org/terms/1.0/Distribution">
    <files>
      <location>distribution.txt</location>
    </files>
    <coreid index="0" />
    <field index="1" default="The Trustees of the Royal Botanic Gardens, Kew" term="http://purl.org/dc/terms/rightsHolder"/>
    <field index="2" term="http://rs.tdwg.org/dwc/terms/locality"/>
    <field index="3" term="http://rs.tdwg.org/dwc/terms/establishmentMeans"/>
    <field index="4" term="http://rs.tdwg.org/dwc/terms/occurrenceRemarks"/>
    <field index="5" term="http://purl.org/dc/terms/source"/>
    <field index="6" term="http://purl.org/dc/terms/identifier"/>
    <field index="7" term="http://rs.tdwg.org/dwc/terms/locationID"/>
    <field index="8" term="http://iucn.org/terms/threatStatus"/>
    <field index="9" term="http://rs.tdwg.org/dwc/terms/occurrenceStatus"/>
  </extension>
  <extension encoding="utf8" fieldsTerminatedBy="\t" linesTerminatedBy="\n" fieldsEnclosedBy="" ignoreHeaderLines="0" rowType="http://rs.gbif.org/terms/1.0/Reference">
    <files>
      <location>reference.txt</location>
    </files>
    <coreid index="0" />
    <field index="1" term="http://purl.org/dc/terms/date"/>
    <field index="2" term="http://purl.org/dc/terms/type"/>
    <field index="3" term="http://purl.org/dc/terms/bibliographicCitation"/>
    <field index="4" term="http://purl.org/dc/terms/identifier"/>
    <field index="5" term="http://purl.org/dc/terms/description"/>
    <field index="6" term="http://purl.org/dc/terms/title"/>
    <field index="7" term="http://purl.org/dc/terms/creator"/>
  </extension>
</archive>
